{
  "color": {
    "brand": {
      "primary": {
        "lighter": { "value": "{color.base.teal.100.value}" },
        "light":   { "value": "{color.base.teal.300.value}" },
        "base":    { "value": "{color.base.teal.500.value}" },
        "dark":    { "value": "{color.base.teal.700.value}" },
        "darker":  { "value": "{color.base.teal.900.value}" }
      },

      "secondary": {
        "lighter": { "value": "{color.base.indigo.100.value}" },
        "light":   { "value": "{color.base.indigo.300.value}" },
        "base":    { "value": "{color.base.indigo.500.value}" },
        "dark":    { "value": "{color.base.indigo.700.value}" },
        "darker":  { "value": "{color.base.indigo.900.value}" }
      }
    }
  }
}
