{
  "color": {
    "font": {
      "base":         { "value": "{color.base.blue.A100.value}" },
      "secondary":    { "value": "{color.base.blue.A200.value}"  },      
      "link":         { "value": "{color.brand.primary.base.value}" },
      "active":       { "value": "{color.brand.primary.base.value}" },
      "error":        { "value": "{color.base.red.900.value}"      },
      "warning":      { "value": "{color.base.orng.900.value}"   },
      "success":      { "value": "{color.base.green.900.value}"    },
      "disabled":     { "value": "{color.brand.secondary.light.value}"    },
      "inverse": {
        "base":         { "value": "{color.base.white.0.value}"            }        
      },

      "button": {
        "primary":   { "value":"{color.font.inverse.base.value}" },
        "secondary": { "value":"{color.font.inverse.base.value}" }
      }
    }
  }
}
